Index,Datum,Jahrzehnt
0,1970-01-01 00:00:04,1970
1,1970-01-01 00:00:03,1970
2,1970-01-01 00:00:02,1970
3,1970-01-01 00:01:03,1970
4,1970-01-01 00:00:03,1970
5,1970-01-01 00:01:02,1970
6,1970-01-01 00:00:00,1970
7,1970-01-01 00:01:00,1970
8,1970-01-01 00:00:04,1970
9,1970-01-01 00:00:03,1970
10,1970-01-01 00:00:04,1970
11,1970-01-01 00:01:03,1970
12,1970-01-01 00:00:02,1970
13,1970-01-01 00:00:01,1970
14,1970-01-01 00:01:03,1970
15,1970-01-01 00:00:04,1970
16,1970-01-01 00:01:03,1970
17,1970-01-01 00:01:02,1970
18,1970-01-01 00:00:04,1970
19,1970-01-01 00:01:03,1970
20,1970-01-01 00:01:01,1970
21,1970-01-01 00:01:00,1970
22,1970-01-01 00:01:01,1970
23,1970-01-01 00:00:00,1970
24,1970-01-01 00:01:03,1970
25,1970-01-01 00:00:05,1970
26,1970-01-01 00:00:01,1970
27,1970-01-01 00:00:01,1970
28,1970-01-01 00:01:01,1970
29,1970-01-01 00:00:04,1970
30,1970-01-01 00:01:00,1970
31,1970-01-01 00:00:05,1970
32,1970-01-01 00:00:00,1970
33,1970-01-01 00:00:03,1970
34,1970-01-01 00:00:01,1970
35,1970-01-01 00:00:04,1970
36,1970-01-01 00:01:02,1970
37,1970-01-01 00:00:02,1970
38,1970-01-01 00:00:00,1970
39,1970-01-01 00:00:05,1970
40,1970-01-01 00:00:03,1970
41,1978-02-14 00:00:00,1970
42,1977-02-14 00:00:00,1970
43,1974-02-14 00:00:00,1970
44,1976-02-14 00:00:00,1970
45,1974-02-14 00:00:00,1970
46,1978-02-14 00:00:00,1970
47,1970-01-01 00:00:05,1970
48,1970-01-01 00:01:01,1970
49,1970-01-01 00:01:00,1970
50,1970-01-01 00:00:03,1970
51,1970-01-01 00:00:02,1970
52,1970-01-01 00:01:00,1970
53,1970-01-01 00:00:05,1970
54,1970-01-01 00:01:03,1970
55,1970-01-01 00:01:01,1970
56,1970-01-01 00:00:02,1970
57,1970-01-01 00:01:03,1970
58,1970-01-01 00:00:04,1970
59,1970-01-01 00:01:00,1970
60,1970-01-01 00:00:00,1970
61,1970-01-01 00:00:00,1970
62,1970-01-01 00:00:05,1970
63,1970-01-01 00:01:02,1970
64,1970-01-01 00:00:03,1970
65,1970-01-01 00:01:01,1970
66,1970-01-01 00:00:00,1970
67,1970-01-01 00:00:01,1970
68,1970-01-01 00:01:00,1970
69,1978-02-14 00:00:00,1970
70,1976-02-14 00:00:00,1970
71,1976-02-14 00:00:00,1970
72,1970-01-01 00:01:02,1970
73,1970-01-01 00:00:05,1970
74,1970-11-20 14:22:03,1970
75,1970-11-20 14:30:01,1970
76,1970-11-20 14:37:05,1970
77,1970-11-20 14:45:04,1970
78,1970-11-20 14:53:02,1970
79,1970-11-20 15:01:00,1970
80,1970-11-20 15:08:04,1970
81,1970-11-20 15:16:02,1970
82,1970-11-20 15:24:00,1970
83,1970-11-20 15:31:04,1970
84,1970-11-20 15:39:02,1970
85,1970-11-20 15:47:01,1970
86,1970-11-20 15:54:05,1970
87,1970-11-20 16:02:03,1970
88,1970-11-20 16:10:01,1970
89,1970-11-20 16:17:05,1970
90,1970-11-20 16:25:03,1970
91,1970-11-20 16:33:01,1970
92,1970-11-20 16:41:00,1970
93,1970-11-20 16:48:04,1970
94,1970-11-20 16:56:02,1970
95,1970-11-20 17:04:00,1970
96,1970-11-20 17:11:04,1970
97,1970-11-20 17:19:02,1970
98,1970-11-20 17:27:00,1970
99,1970-11-20 17:34:04,1970
100,1970-11-20 17:42:03,1970
101,1970-11-20 17:50:01,1970
102,1970-11-20 17:57:05,1970
103,1970-11-20 18:05:03,1970
104,1970-11-20 18:13:01,1970
105,1970-11-20 18:20:05,1970
106,1970-11-20 18:28:03,1970
107,1970-11-20 18:36:01,1970
108,1970-11-20 18:44:00,1970
109,1970-11-20 18:51:04,1970
110,1970-11-20 18:59:02,1970
111,1970-11-20 19:07:00,1970
112,1970-11-20 19:14:04,1970
113,1970-11-20 19:22:02,1970
114,1970-11-20 19:30:00,1970
115,1970-11-20 19:37:04,1970
116,1970-11-20 19:45:03,1970
117,1970-11-20 19:53:01,1970
118,1970-11-20 20:00:05,1970
119,1970-11-20 20:08:03,1970
120,1970-11-20 20:16:01,1970
121,1970-11-20 20:23:05,1970
122,1970-11-20 20:31:03,1970
123,1970-11-20 20:39:01,1970
124,1970-11-20 20:47:00,1970
125,1970-11-20 20:54:04,1970
126,1970-11-20 21:02:02,1970
127,1970-11-20 21:10:00,1970
128,1970-11-20 21:17:04,1970
129,1970-11-20 21:25:02,1970
130,1970-11-20 21:33:00,1970
131,1970-11-20 21:40:05,1970
132,1970-11-20 21:48:03,1970
133,1970-11-20 21:56:01,1970
134,1970-11-20 22:03:05,1970
135,1970-11-20 22:11:03,1970
136,1970-11-20 22:19:01,1970
137,1970-11-20 22:26:05,1970
138,1970-11-20 22:34:03,1970
139,1970-11-20 22:42:02,1970
140,1970-11-20 22:50:00,1970
141,1970-11-20 22:57:04,1970
142,1970-11-20 23:05:02,1970
143,1970-11-20 23:13:00,1970
144,1970-11-20 23:20:04,1970
145,1970-11-20 23:28:02,1970
146,1970-11-20 23:36:00,1970
147,1970-11-20 23:43:05,1970
148,1970-11-20 23:51:03,1970
149,1970-11-20 23:59:01,1970
150,1970-11-21 00:06:05,1970
151,1970-11-21 00:14:03,1970
152,1970-11-21 00:22:01,1970
153,1970-11-21 00:29:05,1970
154,1970-11-21 00:37:03,1970
155,1970-11-21 00:45:02,1970
156,1970-11-21 00:53:00,1970
157,1970-11-21 01:00:04,1970
158,1970-11-21 01:08:02,1970
159,1970-11-21 01:16:00,1970
160,1970-11-21 01:23:04,1970
161,1970-11-21 01:31:02,1970
162,1970-11-21 01:39:00,1970
163,1970-11-21 01:46:05,1970
164,1970-11-21 01:54:03,1970
165,1970-11-21 02:02:01,1970
166,1970-11-21 02:09:05,1970
167,1970-11-21 02:17:03,1970
168,1970-11-21 02:25:01,1970
169,1970-11-21 02:32:05,1970
170,1970-11-21 02:40:03,1970
171,1970-11-21 02:48:02,1970
172,1970-11-21 02:56:00,1970
173,1970-11-21 03:03:04,1970
174,1970-11-21 03:11:02,1970
175,1970-11-21 03:19:00,1970
176,1970-11-21 03:26:04,1970
177,1970-11-21 03:34:02,1970
178,1970-11-21 03:42:01,1970
179,1970-11-21 03:49:05,1970
180,1970-11-21 03:57:03,1970
181,1970-11-21 04:05:01,1970
182,1970-11-21 04:12:05,1970
183,1970-11-21 04:20:03,1970
184,1970-11-21 04:28:01,1970
185,1970-11-21 04:35:05,1970
186,1970-11-21 04:43:04,1970
187,1970-11-21 04:51:02,1970
188,1970-11-21 04:59:00,1970
189,1970-11-21 05:06:04,1970
190,1970-11-21 05:14:02,1970
191,1970-11-21 05:22:00,1970
192,1970-11-21 05:29:04,1970
193,1970-11-21 05:37:02,1970
194,1970-11-21 05:45:01,1970
195,1970-11-21 05:52:05,1970
196,1970-11-21 06:00:03,1970
197,1970-11-21 06:08:01,1970
198,1970-11-21 06:15:05,1970
199,1970-11-21 06:23:03,1970
200,1970-11-21 06:31:01,1970
201,1970-11-21 06:38:05,1970
202,1970-11-21 06:46:04,1970
203,1970-11-21 06:54:02,1970
204,1970-11-21 07:02:00,1970
205,1970-11-21 07:09:04,1970
206,1970-11-21 07:17:02,1970
207,1970-11-21 07:25:00,1970
208,1970-11-21 07:32:04,1970
209,1970-11-21 07:40:02,1970
210,1970-11-21 07:48:01,1970
211,1970-11-21 07:55:05,1970
212,1970-11-21 08:03:03,1970
213,1970-11-21 08:11:01,1970
214,1970-11-21 08:18:05,1970
215,1970-11-21 08:26:03,1970
216,1970-11-21 08:34:01,1970
217,1970-11-21 08:41:05,1970
218,1970-11-21 08:49:04,1970
219,1970-11-21 08:57:02,1970
220,1970-11-21 09:05:00,1970
221,1970-11-21 09:12:04,1970
222,1970-11-21 09:20:02,1970
223,1970-11-21 09:28:00,1970
224,1970-11-21 09:35:04,1970
225,1970-11-21 09:43:03,1970
226,1970-11-21 09:51:01,1970
227,1970-11-21 09:58:05,1970
228,1970-11-21 10:06:03,1970
229,1970-11-21 10:14:01,1970
230,1970-11-21 10:21:05,1970
231,1970-11-21 10:29:03,1970
232,1970-11-21 10:37:01,1970
233,1970-11-21 10:45:00,1970
234,1970-11-21 10:52:04,1970
235,1970-11-21 11:00:02,1970
236,1970-11-21 11:08:00,1970
237,1970-11-21 11:15:04,1970
238,1970-11-21 11:23:02,1970
239,1970-11-21 11:31:00,1970
240,1970-11-21 11:38:04,1970
241,1970-11-21 11:46:03,1970
242,1970-11-21 11:54:01,1970
243,1970-11-21 12:01:05,1970
244,1970-11-21 12:09:03,1970
245,1970-11-21 12:17:01,1970
246,1970-11-21 12:24:05,1970
247,1970-11-21 12:32:03,1970
248,1970-11-21 12:40:01,1970
249,1970-11-21 12:48:00,1970
250,1970-11-21 12:55:04,1970
251,1970-11-21 13:03:02,1970
252,1970-11-21 13:11:00,1970
253,1970-11-21 13:18:04,1970
254,1970-11-21 13:26:02,1970
255,1970-11-21 13:34:00,1970
256,1970-11-21 13:41:04,1970
257,1970-11-21 13:49:03,1970
258,1970-11-21 13:57:01,1970
259,1970-11-21 14:04:05,1970
260,1970-11-21 14:12:03,1970
261,1970-11-21 14:20:01,1970
262,1970-11-21 14:27:05,1970
263,1970-11-21 14:35:03,1970
264,1970-11-21 14:43:02,1970
265,1970-11-21 14:51:00,1970
266,1970-11-21 14:58:04,1970
267,1970-11-21 15:06:02,1970
268,1970-11-21 15:14:00,1970
269,1970-11-21 15:21:04,1970
270,1970-11-21 15:29:02,1970
271,1970-11-21 15:37:00,1970
272,1970-11-21 15:44:05,1970
273,1970-11-21 15:52:03,1970
274,1970-11-21 16:00:01,1970
275,1970-11-21 16:07:05,1970
276,1970-11-21 16:15:03,1970
277,1970-11-21 16:23:01,1970
278,1970-11-21 16:30:05,1970
279,1970-11-21 16:38:03,1970
280,1970-11-21 16:46:02,1970
281,1970-11-21 16:54:00,1970
282,1970-11-21 17:01:04,1970
283,1970-11-21 17:09:02,1970
284,1970-11-21 17:17:00,1970
285,1970-11-21 17:24:04,1970
286,1970-11-21 17:32:02,1970
287,1970-11-21 17:40:00,1970
288,1970-11-21 17:47:05,1970
289,1970-11-21 17:55:03,1970
290,1970-11-21 18:03:01,1970
291,1970-11-21 18:10:05,1970
292,1970-11-21 18:18:03,1970
293,1970-11-21 18:26:01,1970
294,1970-11-21 18:33:05,1970
295,1970-11-21 18:41:03,1970
296,1970-11-21 18:49:02,1970
297,1970-11-21 18:57:00,1970
298,1970-11-21 19:04:04,1970
299,1970-11-21 19:12:02,1970
300,1970-11-21 19:20:00,1970
301,1970-11-21 19:27:04,1970
302,1970-11-21 19:35:02,1970
303,1970-11-21 19:43:00,1970
304,1970-11-21 19:50:05,1970
305,1970-11-21 19:58:03,1970
306,1970-11-21 20:06:01,1970
307,1970-11-21 20:13:05,1970
308,1970-11-21 20:21:03,1970
309,1970-11-21 20:29:01,1970
310,1970-11-21 20:36:05,1970
311,1970-11-21 20:44:04,1970
312,1970-11-21 20:52:02,1970
313,1970-11-21 21:00:00,1970
314,1970-11-21 21:07:04,1970
315,1970-11-21 21:15:02,1970
316,1970-11-21 21:23:00,1970
317,1970-11-21 21:30:04,1970
318,1970-11-21 21:38:02,1970
319,1970-11-21 21:46:01,1970
320,1970-11-21 21:53:05,1970
321,1970-11-21 22:01:03,1970
322,1970-11-21 22:09:01,1970
323,1970-11-21 22:16:05,1970
324,1970-11-21 22:24:03,1970
325,1970-11-21 22:32:01,1970
326,1970-11-21 22:39:05,1970
327,1970-11-21 22:47:04,1970
328,1970-11-21 22:55:02,1970
329,1970-11-21 23:03:00,1970
330,1970-11-21 23:10:04,1970
331,1970-11-21 23:18:02,1970
332,1970-11-21 23:26:00,1970
333,1970-11-21 23:33:04,1970
334,1970-11-21 23:41:02,1970
335,1970-11-21 23:49:01,1970
336,1970-11-21 23:56:05,1970
337,1970-11-22 00:04:03,1970
338,1970-11-22 00:12:01,1970
339,1970-11-22 00:19:05,1970
340,1970-11-22 00:27:03,1970
341,1970-11-22 00:35:01,1970
342,1970-11-22 00:42:05,1970
343,1970-11-22 00:50:04,1970
344,1970-11-22 00:58:02,1970
345,1970-11-22 01:06:00,1970
346,1970-11-22 01:13:04,1970
347,1970-11-22 01:21:02,1970
348,1970-11-22 01:29:00,1970
349,1970-11-22 01:36:04,1970
350,1970-11-22 01:44:03,1970
351,1970-11-22 01:52:01,1970
352,1970-11-22 01:59:05,1970
353,1970-11-22 02:07:03,1970
354,1970-11-22 02:15:01,1970
355,1970-11-22 02:22:05,1970
356,1970-11-22 02:30:03,1970
357,1970-11-22 02:38:01,1970
358,1970-11-22 02:46:00,1970
359,1970-11-22 02:53:04,1970
360,1970-11-22 03:01:02,1970
361,1970-11-22 03:09:00,1970
362,1970-11-22 03:16:04,1970
363,1970-11-22 03:24:02,1970
364,1970-11-22 03:32:00,1970
365,1970-11-22 03:39:04,1970
366,1970-11-22 03:47:03,1970
367,1970-11-22 03:55:01,1970
368,1970-11-22 04:02:05,1970
369,1970-11-22 04:10:03,1970
370,1970-11-22 04:18:01,1970
371,1970-11-22 04:25:05,1970
372,1970-11-22 04:33:03,1970
373,1970-11-22 04:41:01,1970
374,1970-11-22 04:49:00,1970
375,1970-11-22 04:56:04,1970
376,1970-11-22 05:04:02,1970
377,1970-11-22 05:12:00,1970
378,1970-11-22 05:19:04,1970
379,1970-11-22 05:27:02,1970
380,1970-11-22 05:35:00,1970
381,1970-11-22 05:42:04,1970
382,1970-11-22 05:50:03,1970
383,1970-11-22 05:58:01,1970
384,1970-11-22 06:05:05,1970
385,1970-11-22 06:13:03,1970
386,1970-11-22 06:21:01,1970
387,1970-11-22 06:28:05,1970
388,1970-11-22 06:36:03,1970
389,1970-11-22 06:44:01,1970
390,1970-11-22 06:52:00,1970
391,1970-11-22 06:59:04,1970
392,1970-11-22 07:07:02,1970
393,1970-11-22 07:15:00,1970
394,1970-11-22 07:22:04,1970
395,1970-11-22 07:30:02,1970
396,1970-11-22 07:38:00,1970
397,1970-11-22 07:45:05,1970
398,1970-11-22 07:53:03,1970
399,1970-11-22 08:01:01,1970
400,1970-11-22 08:08:05,1970
401,1970-11-22 08:16:03,1970
402,1970-11-22 08:24:01,1970
403,1970-11-22 08:31:05,1970
404,1970-11-22 08:39:03,1970
405,1970-11-22 08:47:02,1970
406,1970-11-22 08:55:00,1970
407,1970-11-22 09:02:04,1970
408,1970-11-22 09:10:02,1970
409,1970-11-22 09:18:00,1970
410,1970-11-22 09:25:04,1970
411,1970-11-22 09:33:02,1970
412,1970-11-22 09:41:00,1970
413,1970-11-22 09:48:05,1970
414,1970-11-22 09:56:03,1970
415,1970-11-22 10:04:01,1970
416,1970-11-22 10:11:05,1970
417,1970-11-22 10:19:03,1970
418,1970-11-22 10:27:01,1970
419,1970-11-22 10:34:05,1970
420,1970-11-22 10:42:03,1970
421,1970-11-22 10:50:02,1970
422,1970-11-22 10:58:00,1970
423,1970-11-22 11:05:04,1970
424,1970-11-22 11:13:02,1970
425,1970-11-22 11:21:00,1970
426,1970-11-22 11:28:04,1970
427,1970-11-22 11:36:02,1970
428,1970-11-22 11:44:00,1970
429,1970-11-22 11:51:05,1970
430,1970-11-22 11:59:03,1970
431,1970-11-22 12:07:01,1970
432,1970-11-22 12:14:05,1970
433,1970-11-22 12:22:03,1970
434,1970-11-22 12:30:01,1970
435,1970-11-22 12:37:05,1970
436,1970-11-22 12:45:04,1970
437,1970-11-22 12:53:02,1970
438,1970-11-22 13:01:00,1970
439,1970-11-22 13:08:04,1970
440,1970-11-22 13:16:02,1970
441,1970-11-22 13:24:00,1970
442,1970-11-22 13:31:04,1970
443,1970-11-22 13:39:02,1970
444,1970-11-22 13:47:01,1970
445,1970-11-22 13:54:05,1970
446,1970-11-22 14:02:03,1970
447,1970-11-22 14:10:01,1970
448,1970-11-22 14:17:05,1970
449,1970-11-22 14:25:03,1970
450,1970-11-22 14:33:01,1970
451,1970-11-22 14:40:05,1970
452,1970-11-22 14:48:04,1970
453,1970-11-22 14:56:02,1970
454,1970-11-22 15:04:00,1970
455,1970-11-22 15:11:04,1970
456,1970-11-22 15:19:02,1970
457,1970-11-22 15:27:00,1970
458,1970-11-22 15:34:04,1970
459,1970-11-22 15:42:02,1970
460,1970-11-22 15:50:01,1970
461,1970-11-22 15:57:05,1970
462,1970-11-22 16:05:03,1970
463,1970-11-22 16:13:01,1970
464,1970-11-22 16:20:05,1970
465,1970-11-22 16:28:03,1970
466,1970-11-22 16:36:01,1970
467,1970-11-22 16:43:05,1970
468,1970-11-22 16:51:04,1970
469,1970-11-22 16:59:02,1970
470,1970-11-22 17:07:00,1970
471,1970-11-22 17:14:04,1970
472,1970-11-22 17:22:02,1970
473,1970-11-22 17:30:00,1970
474,1970-11-22 17:37:04,1970
475,1970-11-22 17:45:02,1970
476,1970-11-22 17:53:01,1970
477,1970-11-22 18:00:05,1970
478,1970-11-22 18:08:03,1970
479,1970-11-22 18:16:01,1970
480,1970-11-22 18:23:05,1970
481,1970-11-22 18:31:03,1970
482,1970-11-22 18:39:01,1970
483,1970-11-22 18:47:00,1970
484,1970-11-22 18:54:04,1970
485,1970-11-22 19:02:02,1970
486,1970-11-22 19:10:00,1970
487,1970-11-22 19:17:04,1970
488,1970-11-22 19:25:02,1970
489,1970-11-22 19:33:00,1970
490,1970-11-22 19:40:04,1970
491,1970-11-22 19:48:03,1970
492,1970-11-22 19:56:01,1970
493,1970-11-22 20:03:05,1970
494,1970-11-22 20:11:03,1970
495,1970-11-22 20:19:01,1970
496,1970-11-22 20:26:05,1970
497,1970-11-22 20:34:03,1970
498,1970-11-22 20:42:01,1970
499,1970-11-22 20:50:00,1970
500,1970-11-22 20:57:04,1970
501,1970-11-22 21:05:02,1970
502,1970-11-22 21:13:00,1970
503,1970-11-22 21:20:04,1970
504,1970-11-22 21:28:02,1970
505,1970-11-22 21:36:00,1970
506,1970-11-22 21:43:04,1970
507,1970-11-22 21:51:03,1970
508,1970-11-22 21:59:01,1970
509,1970-11-22 22:06:05,1970
510,1970-11-22 22:14:03,1970
511,1970-11-22 22:22:01,1970
512,1970-11-22 22:29:05,1970
513,1970-11-22 22:37:03,1970
514,1970-11-22 22:45:01,1970
515,1970-11-22 22:53:00,1970
516,1970-11-22 23:00:04,1970
517,1970-11-22 23:08:02,1970
518,1970-11-22 23:16:00,1970
519,1970-11-22 23:23:04,1970
520,1970-11-22 23:31:02,1970
521,1970-11-22 23:39:00,1970
522,1970-11-22 23:46:05,1970
523,1970-11-22 23:54:03,1970
524,1970-11-23 00:02:01,1970
525,1970-11-23 00:09:05,1970
526,1970-11-23 00:17:03,1970
527,1970-11-23 00:25:01,1970
528,1970-11-23 00:32:05,1970
529,1970-11-23 00:40:03,1970
530,1970-11-23 00:48:02,1970
531,1970-11-23 00:56:00,1970
532,1970-11-23 01:03:04,1970
533,1970-11-23 01:11:02,1970
534,1970-11-23 01:19:00,1970
535,1970-11-23 01:26:04,1970
536,1970-11-23 01:34:02,1970
537,1970-11-23 01:42:00,1970
538,1970-11-23 01:49:05,1970
539,1970-11-23 01:57:03,1970
540,1970-11-23 02:05:01,1970
541,1970-11-23 02:12:05,1970
542,1970-11-23 02:20:03,1970
543,1970-11-23 02:28:01,1970
544,1970-11-23 02:35:05,1970
545,1970-11-23 02:43:03,1970
546,1970-11-23 02:51:02,1970
547,1970-11-23 02:59:00,1970
548,1970-11-23 03:06:04,1970
549,1970-11-23 03:14:02,1970
550,1970-11-23 03:22:00,1970
551,1970-11-23 03:29:04,1970
552,1970-11-23 03:37:02,1970
553,1970-11-23 03:45:00,1970
554,1970-11-23 03:52:05,1970
555,1970-11-23 04:00:03,1970
556,1970-11-23 04:08:01,1970
557,1970-11-23 04:15:05,1970
558,1970-11-23 04:23:03,1970
559,1970-11-23 04:31:01,1970
560,1970-11-23 04:38:05,1970
561,1970-11-23 04:46:03,1970
562,1970-11-23 04:54:02,1970
563,1970-11-23 05:02:00,1970
564,1970-11-23 05:09:04,1970
565,1970-11-23 05:17:02,1970
566,1970-11-23 05:25:00,1970
567,1970-11-23 05:32:04,1970
568,1970-11-23 05:40:02,1970
569,1970-11-23 05:48:01,1970
570,1970-11-23 05:55:05,1970
571,1970-11-23 06:03:03,1970
572,1970-11-23 06:11:01,1970
573,1970-11-23 06:18:05,1970
574,1970-11-23 06:26:03,1970
575,1970-11-23 06:34:01,1970
576,1970-11-23 06:41:05,1970
577,1970-11-23 06:49:04,1970
578,1970-11-23 06:57:02,1970
579,1970-11-23 07:05:00,1970
580,1970-11-23 07:12:04,1970
581,1970-11-23 07:20:02,1970
582,1970-11-23 07:28:00,1970
583,1970-11-23 07:35:04,1970
584,1970-11-23 07:43:02,1970
585,1970-11-23 07:51:01,1970
586,1970-11-23 07:58:05,1970
587,1970-11-23 08:06:03,1970
588,1970-11-23 08:14:01,1970
589,1970-11-23 08:21:05,1970
590,1970-11-23 08:29:03,1970
591,1970-11-23 08:37:01,1970
592,1970-11-23 08:44:05,1970
593,1970-11-23 08:52:04,1970
594,1970-11-23 09:00:02,1970
595,1970-11-23 09:08:00,1970
596,1970-11-23 09:15:04,1970
597,1970-11-23 09:23:02,1970
598,1970-11-23 09:31:00,1970
599,1970-11-23 09:38:04,1970
600,1970-11-23 09:46:02,1970
601,1970-11-23 09:54:01,1970
602,1970-11-23 10:01:05,1970
603,1970-11-23 10:09:03,1970
604,1970-11-23 10:17:01,1970
605,1970-11-23 10:24:05,1970
606,1970-11-23 10:32:03,1970
607,1970-11-23 10:40:01,1970
608,1970-11-23 10:48:00,1970
609,1970-11-23 10:55:04,1970
610,1970-11-23 11:03:02,1970
611,1970-11-23 11:11:00,1970
612,1970-11-23 11:18:04,1970
613,1970-11-23 11:26:02,1970
614,1970-11-23 11:34:00,1970
615,1970-11-23 11:41:04,1970
616,1970-11-23 11:49:03,1970
617,1970-11-23 11:57:01,1970
618,1970-11-23 12:04:05,1970
619,1970-11-23 12:12:03,1970
620,1970-11-23 12:20:01,1970
621,1970-11-23 12:27:05,1970
622,1970-11-23 12:35:03,1970
623,1970-11-23 12:43:01,1970
624,1970-11-23 12:51:00,1970
625,1970-11-23 12:58:04,1970
626,1970-11-23 13:06:02,1970
627,1970-11-23 13:14:00,1970
628,1970-11-23 13:21:04,1970
629,1970-11-23 13:29:02,1970
630,1970-11-23 13:37:00,1970
631,1970-11-23 13:44:04,1970
632,1970-11-23 13:52:03,1970
633,1970-11-23 14:00:01,1970
634,1970-11-23 14:07:05,1970
635,1970-11-23 14:15:03,1970
636,1970-11-23 14:23:01,1970
637,1970-11-23 14:30:05,1970
638,1970-11-23 14:38:03,1970
639,1970-11-23 14:46:01,1970
640,1970-11-23 14:54:00,1970
641,1970-11-23 15:01:04,1970
642,1970-11-23 15:09:02,1970
643,1970-11-23 15:17:00,1970
644,1970-11-23 15:24:04,1970
645,1970-11-23 15:32:02,1970
646,1970-11-23 15:40:00,1970
647,1970-11-23 15:47:04,1970
648,1970-11-23 15:55:03,1970
649,1970-11-23 16:03:01,1970
650,1970-11-23 16:10:05,1970
651,1970-11-23 16:18:03,1970
652,1970-11-23 16:26:01,1970
653,1970-11-23 16:33:05,1970
654,1970-11-23 16:41:03,1970
655,1970-11-23 16:49:02,1970
656,1970-11-23 16:57:00,1970
657,1970-11-23 17:04:04,1970
658,1970-11-23 17:12:02,1970
659,1970-11-23 17:20:00,1970
660,1970-11-23 17:27:04,1970
661,1970-11-23 17:35:02,1970
662,1970-11-23 17:43:00,1970
663,1970-11-23 17:50:05,1970
664,1970-11-23 17:58:03,1970
665,1970-11-23 18:06:01,1970
666,1970-11-23 18:13:05,1970
667,1970-11-23 18:21:03,1970
668,1970-11-23 18:29:01,1970
669,1970-11-23 18:36:05,1970
670,1970-11-23 18:44:03,1970
671,1970-11-23 18:52:02,1970
672,1970-11-23 19:00:00,1970
673,1970-11-23 19:07:04,1970
674,1970-11-23 19:15:02,1970
675,1970-11-23 19:23:00,1970
676,1970-11-23 19:30:04,1970
677,1970-11-23 19:38:02,1970
678,1970-11-23 19:46:00,1970
679,1970-11-23 19:53:05,1970
680,1970-11-23 20:01:03,1970
681,1970-11-23 20:09:01,1970
682,1970-11-23 20:16:05,1970
683,1970-11-23 20:24:03,1970
684,1970-11-23 20:32:01,1970
685,1970-11-23 20:39:05,1970
686,1970-11-23 20:47:03,1970
687,1970-11-23 20:55:02,1970
688,1970-11-23 21:03:00,1970
689,1970-11-23 21:10:04,1970
690,1970-11-23 21:18:02,1970
691,1970-11-23 21:26:00,1970
692,1970-11-23 21:33:04,1970
693,1970-11-23 21:41:02,1970
694,1970-11-23 21:49:01,1970
695,1970-11-23 21:56:05,1970
696,1970-11-23 22:04:03,1970
697,1970-11-23 22:12:01,1970
698,1970-11-23 22:19:05,1970
699,1970-11-23 22:27:03,1970
700,1970-11-23 22:35:01,1970
701,1970-11-23 22:42:05,1970
702,1970-11-23 22:50:04,1970
703,1970-11-23 22:58:02,1970
704,1970-11-23 23:06:00,1970
705,1970-11-23 23:13:04,1970
706,1970-11-23 23:21:02,1970
707,1970-11-23 23:29:00,1970
708,1970-11-23 23:36:04,1970
709,1970-11-23 23:44:02,1970
710,1970-11-23 23:52:01,1970
711,1970-11-23 23:59:05,1970
712,1970-11-24 00:07:03,1970
713,1970-11-24 00:15:01,1970
714,1970-11-24 00:22:05,1970
715,1970-11-24 00:30:03,1970
716,1970-11-24 00:38:01,1970
717,1970-11-24 00:45:05,1970
718,1970-11-24 00:53:04,1970
719,1970-11-24 01:01:02,1970
720,1970-11-24 01:09:00,1970
721,1970-11-24 01:16:04,1970
722,1970-11-24 01:24:02,1970
723,1970-11-24 01:32:00,1970
724,1970-11-24 01:39:04,1970
725,1970-11-24 01:47:02,1970
726,1970-11-24 01:55:01,1970
727,1970-11-24 02:02:05,1970
728,1970-11-24 02:10:03,1970
729,1970-11-24 02:18:01,1970
730,1970-11-24 02:25:05,1970
731,1970-11-24 02:33:03,1970
732,1970-11-24 02:41:01,1970
733,1970-11-24 02:48:05,1970
734,1970-11-24 02:56:04,1970
735,1970-11-24 03:04:02,1970
736,1970-11-24 03:12:00,1970
737,1970-11-24 03:19:04,1970
738,1970-11-24 03:27:02,1970
739,1970-11-24 03:35:00,1970
740,1970-11-24 03:42:04,1970
741,1970-11-24 03:50:03,1970
742,1970-11-24 03:58:01,1970
743,1970-11-24 04:05:05,1970
744,1970-11-24 04:13:03,1970
745,1970-11-24 04:21:01,1970
746,1970-11-24 04:28:05,1970
747,1970-11-24 04:36:03,1970
748,1970-11-24 04:44:01,1970
749,1970-11-24 04:52:00,1970
750,1970-11-24 04:59:04,1970
751,1970-11-24 05:07:02,1970
752,1970-11-24 05:15:00,1970
753,1970-11-24 05:22:04,1970
754,1970-11-24 05:30:02,1970
755,1970-11-24 05:38:00,1970
756,1970-11-24 05:45:04,1970
757,1970-11-24 05:53:03,1970
758,1970-11-24 06:01:01,1970
759,1970-11-24 06:08:05,1970
760,1970-11-24 06:16:03,1970
761,1970-11-24 06:24:01,1970
762,1970-11-24 06:31:05,1970
763,1970-11-24 06:39:03,1970
764,1970-11-24 06:47:01,1970
765,1970-11-24 06:55:00,1970
766,1970-11-24 07:02:04,1970
767,1970-11-24 07:10:02,1970
768,1970-11-24 07:18:00,1970
769,1970-11-24 07:25:04,1970
770,1970-11-24 07:33:02,1970
771,1970-11-24 07:41:00,1970
772,1970-11-24 07:48:04,1970
773,1970-11-24 07:56:03,1970
774,1970-11-24 08:04:01,1970
775,1970-11-24 08:11:05,1970
776,1970-11-24 08:19:03,1970
777,1970-11-24 08:27:01,1970
778,1970-11-24 08:34:05,1970
779,1970-11-24 08:42:03,1970
780,1970-11-24 08:50:02,1970
781,1970-11-24 08:58:00,1970
782,1970-11-24 09:05:04,1970
783,1970-11-24 09:13:02,1970
784,1970-11-24 09:21:00,1970
785,1970-11-24 09:28:04,1970
786,1970-11-24 09:36:02,1970
787,1970-11-24 09:44:00,1970
788,1970-11-24 09:51:05,1970
789,1970-11-24 09:59:03,1970
790,1970-11-24 10:07:01,1970
791,1970-11-24 10:14:05,1970
792,1970-11-24 10:22:03,1970
793,1970-11-24 10:30:01,1970
794,1970-11-24 10:37:05,1970
795,1970-11-24 10:45:02,1970
796,1970-11-24 10:53:00,1970
797,1970-11-24 11:00:03,1970
798,1970-11-24 11:08:01,1970
799,1970-11-24 11:15:03,1970
800,1970-11-24 11:23:00,1970
801,1970-11-24 11:30:01,1970
802,1970-11-24 11:37:02,1970
803,1970-11-24 11:44:02,1970
804,1970-11-24 11:51:01,1970
805,1970-11-24 11:57:05,1970
806,1970-11-24 12:04:01,1970
807,1970-11-24 12:10:01,1970
808,1970-11-24 12:15:05,1970
809,1970-11-24 12:21:01,1970
810,1970-11-24 12:26:00,1970
811,1970-11-24 12:30:04,1970
812,1970-11-24 12:34:05,1970
813,1970-11-24 12:38:04,1970
814,1970-11-24 12:42:01,1970
815,1970-11-24 12:45:01,1970
816,1970-11-24 12:48:00,1970
817,1970-11-24 12:50:04,1970
818,1970-11-24 12:53:00,1970
819,1970-11-24 12:55:00,1970
820,1970-11-24 12:56:05,1970
821,1970-11-24 12:58:04,1970
822,1970-11-24 13:00:01,1970
823,1970-11-24 13:01:03,1970
824,1970-11-24 13:02:05,1970
825,1970-11-24 13:04:01,1970
826,1970-11-24 13:05:01,1970
827,1970-11-24 13:06:02,1970
828,1970-11-24 13:07:02,1970
829,1970-11-24 13:08:01,1970
830,1970-11-24 13:09:01,1970
831,1970-11-24 13:10:00,1970
832,1970-11-24 13:10:05,1970
833,1970-11-24 13:11:03,1970
834,1970-11-24 13:12:02,1970
835,1970-11-24 13:13:01,1970
836,1970-11-24 13:13:05,1970
837,1970-11-24 13:14:04,1970
838,1970-11-24 13:15:02,1970
839,1970-11-24 13:16:01,1970
840,1970-11-24 13:17:00,1970
841,1970-11-24 13:17:05,1970
842,1970-11-24 13:18:04,1970
843,1970-11-24 13:19:03,1970
844,1970-11-24 13:20:02,1970
845,1970-11-24 13:21:02,1970
846,1970-11-24 13:22:02,1970
847,1970-11-24 13:23:02,1970
848,1970-11-24 13:24:03,1970
849,1970-11-24 13:25:04,1970
850,1970-11-24 13:27:00,1970
851,1970-11-24 13:28:02,1970
852,1970-11-24 13:30:00,1970
853,1970-11-24 13:31:04,1970
854,1970-11-24 13:33:03,1970
855,1970-11-24 13:35:04,1970
856,1970-11-24 13:38:00,1970
857,1970-11-24 13:40:03,1970
858,1970-11-24 13:43:02,1970
859,1970-11-24 13:46:03,1970
860,1970-11-24 13:49:05,1970
861,1970-11-24 13:53:04,1970
862,1970-11-24 13:57:05,1970
863,1970-11-24 14:02:03,1970
864,1970-11-24 14:07:03,1970
865,1970-11-24 14:12:05,1970
866,1970-11-24 14:18:03,1970
867,1970-11-24 14:24:03,1970
868,1970-11-24 14:30:05,1970
869,1970-11-24 14:37:02,1970
870,1970-11-24 14:44:01,1970
871,1970-11-24 14:51:01,1970
872,1970-11-24 14:58:02,1970
873,1970-11-24 15:05:04,1970
874,1970-11-24 15:13:00,1970
875,1970-11-24 15:20:03,1970
876,1970-11-24 15:28:00,1970
877,1970-11-24 15:35:03,1970
878,1970-11-24 15:43:01,1970
879,1970-11-24 15:50:05,1970
880,1970-11-24 15:58:02,1970
881,1970-11-24 16:06:00,1970
882,1970-11-24 16:13:04,1970
883,1970-11-24 16:21:03,1970
884,1970-11-24 16:29:01,1970
885,1970-11-24 16:36:05,1970
886,1970-11-24 16:44:03,1970
887,1970-11-24 16:52:01,1970
888,1970-11-24 16:59:05,1970
889,1970-11-24 17:07:03,1970
890,1970-11-24 17:15:01,1970
891,1970-11-24 17:23:00,1970
892,1970-11-24 17:30:04,1970
893,1970-11-24 17:38:02,1970
894,1970-11-24 17:46:00,1970
895,1970-11-24 17:53:04,1970
896,1970-11-24 18:01:02,1970
897,1970-11-24 18:09:00,1970
898,1970-11-24 18:16:04,1970
899,1970-11-24 18:24:03,1970
900,1970-11-24 18:32:01,1970
901,1970-11-24 18:39:05,1970
902,1970-11-24 18:47:03,1970
903,1970-11-24 18:55:01,1970
904,1970-11-24 19:02:05,1970
905,1970-11-24 19:10:03,1970
906,1970-11-24 19:18:01,1970
907,1970-11-24 19:26:00,1970
908,1970-11-24 19:33:04,1970
909,1970-11-24 19:41:02,1970
910,1970-11-24 19:49:00,1970
911,1970-11-24 19:56:04,1970
912,1970-11-24 20:04:02,1970
913,1970-11-24 20:12:00,1970
914,1970-11-24 20:19:04,1970
915,1970-11-24 20:27:03,1970
916,1970-11-24 20:35:01,1970
917,1970-11-24 20:42:05,1970
918,1970-11-24 20:50:03,1970
919,1970-11-24 20:58:01,1970
920,1970-11-24 21:05:05,1970
921,1970-11-24 21:13:03,1970
922,1970-11-24 21:21:01,1970
923,1970-11-24 21:29:00,1970
924,1970-11-24 21:36:04,1970
925,1970-11-24 21:44:02,1970
926,1970-11-24 21:52:00,1970
927,1970-11-24 21:59:04,1970
928,1970-11-24 22:07:02,1970
929,1970-11-24 22:15:00,1970
930,1970-11-24 22:22:04,1970
931,1970-11-24 22:30:03,1970
932,1970-11-24 22:38:01,1970
933,1970-11-24 22:45:05,1970
934,1970-11-24 22:53:03,1970
935,1970-11-24 23:01:01,1970
936,1970-11-24 23:08:05,1970
937,1970-11-24 23:16:03,1970
938,1970-11-24 23:24:02,1970
939,1970-11-24 23:32:00,1970
940,1970-11-24 23:39:04,1970
941,1970-11-24 23:47:02,1970
942,1970-11-24 23:55:00,1970
943,1970-11-25 00:02:04,1970
944,1970-11-25 00:10:02,1970
945,1970-11-25 00:18:00,1970
946,1970-11-25 00:25:05,1970
947,1970-11-25 00:33:03,1970
948,1970-11-25 00:41:01,1970
949,1970-11-25 00:48:05,1970
950,1970-11-25 00:56:03,1970
951,1970-11-25 01:04:01,1970
952,1970-11-25 01:11:05,1970
953,1970-11-25 01:19:03,1970
954,1970-11-25 01:27:02,1970
955,1970-11-25 01:35:00,1970
956,1970-11-25 01:42:04,1970
957,1970-11-25 01:50:02,1970
958,1970-11-25 01:58:00,1970
959,1970-11-25 02:05:04,1970
960,1970-11-25 02:13:02,1970
961,1970-11-25 02:21:00,1970
962,1970-11-25 02:28:05,1970
963,1970-11-25 02:36:03,1970
964,1970-11-25 02:44:01,1970
965,1970-11-25 02:51:05,1970
966,1970-11-25 02:59:03,1970
967,1970-11-25 03:07:01,1970
968,1970-11-25 03:14:05,1970
969,1970-11-25 03:22:03,1970
970,1970-11-25 03:30:02,1970
971,1970-11-25 03:38:00,1970
972,1970-11-25 03:45:04,1970
973,1970-11-25 03:53:02,1970
974,1970-11-25 04:01:00,1970
975,1970-11-25 04:08:04,1970
976,1970-11-25 04:16:02,1970
977,1970-11-25 04:24:00,1970
978,1970-11-25 04:31:05,1970
979,1970-11-25 04:39:03,1970
980,1970-11-25 04:47:01,1970
981,1970-11-25 04:54:05,1970
982,1970-11-25 05:02:03,1970
983,1970-11-25 05:10:01,1970
984,1970-11-25 05:17:05,1970
985,1970-11-25 05:25:04,1970
986,1970-11-25 05:33:02,1970
987,1970-11-25 05:41:00,1970
988,1970-11-25 05:48:04,1970
989,1970-11-25 05:56:02,1970
990,1970-11-25 06:04:00,1970
991,1970-11-25 06:11:04,1970
992,1970-11-25 06:19:02,1970
993,1970-11-25 06:27:01,1970
994,1970-11-25 06:34:05,1970
995,1970-11-25 06:42:03,1970
996,1970-11-25 06:50:01,1970
997,1970-11-25 06:57:05,1970
998,1970-11-25 07:05:03,1970
999,1970-11-25 07:13:01,1970
1000,1970-11-25 07:20:05,1970
1001,1970-11-25 07:28:04,1970
1002,1970-11-25 07:36:02,1970
1003,1970-11-25 07:44:00,1970
1004,1970-11-25 07:51:04,1970
1005,1970-11-25 07:59:02,1970
1006,1970-11-25 08:07:00,1970
1007,1970-11-25 08:14:04,1970
1008,1970-11-25 08:22:02,1970
1009,1970-11-25 08:30:01,1970
1010,1970-11-25 08:37:05,1970
1011,1970-11-25 08:45:03,1970
1012,1970-11-25 08:53:01,1970
1013,1970-11-25 09:00:05,1970
1014,1970-11-25 09:08:03,1970
1015,1970-11-25 09:16:01,1970
1016,1970-11-25 09:23:05,1970
1017,1970-11-25 09:31:04,1970
1018,1970-11-25 09:39:02,1970
1019,1970-11-25 09:47:00,1970
1020,1970-11-25 09:54:04,1970
1021,1970-11-25 10:02:02,1970
1022,1970-11-25 10:10:00,1970
1023,1970-11-25 10:17:04,1970
1024,1970-11-25 10:25:03,1970
1025,1970-11-25 10:33:01,1970
1026,1970-11-25 10:40:05,1970
1027,1970-11-25 10:48:03,1970
1028,1970-11-25 10:56:01,1970
1029,1970-11-25 11:03:05,1970
1030,1970-11-25 11:11:03,1970
1031,1970-11-25 11:19:01,1970
1032,1970-11-25 11:27:00,1970
1033,1970-11-25 11:34:04,1970
1034,1970-11-25 11:42:02,1970
1035,1970-11-25 11:50:00,1970
1036,1970-11-25 11:57:04,1970
1037,1970-11-25 12:05:02,1970
1038,1970-11-25 12:13:00,1970
1039,1970-11-25 12:20:04,1970
1040,1970-11-25 12:28:03,1970
1041,1970-11-25 12:36:01,1970
1042,1970-11-25 12:43:05,1970
1043,1970-11-25 12:51:03,1970
1044,1970-11-25 12:59:01,1970
1045,1970-11-25 13:06:05,1970
1046,1970-11-25 13:14:03,1970
1047,1970-11-25 13:22:01,1970
1048,1970-11-25 13:30:00,1970
1049,1970-11-25 13:37:04,1970
1050,1970-11-25 13:45:02,1970
1051,1970-11-25 13:53:00,1970
1052,1970-11-25 14:00:04,1970
1053,1970-11-25 14:08:02,1970
1054,1970-11-25 14:16:00,1970
1055,1970-11-25 14:23:04,1970
1056,1970-11-25 14:31:03,1970
1057,1970-11-25 14:39:01,1970
1058,1970-11-25 14:46:05,1970
1059,1970-11-25 14:54:03,1970
1060,1970-11-25 15:02:01,1970
1061,1970-11-25 15:09:05,1970
1062,1970-11-25 15:17:03,1970
1063,1970-11-25 15:25:01,1970
1064,1970-11-25 15:33:00,1970
1065,1970-11-25 15:40:04,1970
1066,1970-11-25 15:48:02,1970
1067,1970-11-25 15:56:00,1970
1068,1970-11-25 16:03:04,1970
1069,1970-11-25 16:11:02,1970
1070,1970-11-25 16:19:00,1970
1071,1970-11-25 16:26:05,1970
1072,1970-11-25 16:34:03,1970
1073,1970-11-25 16:42:01,1970
1074,1970-01-01 00:01:03,1970
1075,1970-01-01 00:01:03,1970
1076,1970-01-01 00:01:01,1970
1077,1970-01-01 00:00:02,1970
1078,1970-01-01 00:00:02,1970
1079,1970-01-01 00:00:04,1970
1080,1970-01-01 00:01:03,1970
1081,1970-01-01 00:00:00,1970
1082,1970-01-01 00:01:02,1970
1083,1970-01-01 00:01:00,1970
1084,1970-01-01 00:00:04,1970
1085,1970-01-01 00:00:04,1970
1086,1970-01-01 00:00:02,1970
1087,1970-01-01 00:01:02,1970
1088,1970-01-01 00:01:01,1970
1089,1970-01-01 00:00:00,1970
1090,1970-01-01 00:00:04,1970
1091,1970-01-01 00:00:01,1970
1092,1970-01-01 00:01:01,1970
1093,1970-01-01 00:00:03,1970
1094,1970-01-01 00:00:00,1970
1095,1970-01-01 00:00:04,1970
1096,1970-11-23 08:59:01,1970
1097,1970-11-23 09:05:03,1970
1098,1970-11-23 09:12:00,1970
1099,1970-11-23 09:18:02,1970
1100,1970-11-23 09:24:04,1970
1101,1970-11-23 09:31:01,1970
1102,1970-11-23 09:37:03,1970
1103,1970-11-23 09:44:00,1970
1104,1970-11-23 09:50:02,1970
1105,1970-11-23 09:56:04,1970
1106,1970-11-23 10:03:01,1970
1107,1970-11-23 10:09:03,1970
1108,1970-11-23 10:16:00,1970
1109,1970-11-23 10:22:02,1970
1110,1970-11-23 10:28:04,1970
1111,1970-11-23 10:35:01,1970
1112,1970-11-23 10:41:03,1970
1113,1970-11-23 10:48:00,1970
1114,1970-11-23 10:54:02,1970
1115,1970-11-23 11:00:04,1970
1116,1970-11-23 11:07:01,1970
1117,1970-11-23 11:13:03,1970
1118,1970-11-23 11:19:05,1970
1119,1970-11-23 11:26:02,1970
1120,1970-11-23 11:32:04,1970
1121,1970-11-23 11:39:01,1970
1122,1970-11-23 11:45:03,1970
1123,1970-11-23 11:51:05,1970
1124,1970-11-23 11:58:02,1970
1125,1970-11-23 12:04:04,1970
1126,1970-11-23 12:11:01,1970
1127,1970-11-23 12:17:03,1970
1128,1970-11-23 12:23:05,1970
1129,1970-11-23 12:30:02,1970
1130,1970-11-23 12:36:04,1970
1131,1970-11-23 12:43:01,1970
1132,1970-11-23 12:49:03,1970
1133,1970-11-23 12:55:05,1970
1134,1970-11-23 13:02:02,1970
1135,1970-11-23 13:08:04,1970
1136,1970-11-23 13:15:00,1970
1137,1970-11-23 13:21:03,1970
1138,1970-11-23 13:27:05,1970
1139,1970-11-23 13:34:02,1970
1140,1970-11-23 13:40:04,1970
1141,1970-11-23 13:47:00,1970
1142,1970-11-23 13:53:03,1970
1143,1970-11-23 13:59:05,1970
1144,1970-11-23 14:06:02,1970
1145,1970-11-23 14:12:04,1970
1146,1970-11-23 14:19:00,1970
1147,1970-11-23 14:25:03,1970
1148,1970-11-23 14:31:05,1970
1149,1970-11-23 14:38:02,1970
1150,1970-11-23 14:44:04,1970
1151,1970-11-23 14:51:00,1970
1152,1970-11-23 14:57:03,1970
1153,1970-11-23 15:03:05,1970
1154,1970-11-23 15:10:01,1970
1155,1970-11-23 15:16:04,1970
1156,1970-11-23 15:23:00,1970
1157,1970-11-23 15:29:03,1970
1158,1970-11-23 15:35:05,1970
1159,1970-11-23 15:42:01,1970
1160,1970-11-23 15:48:04,1970
1161,1970-11-23 15:55:00,1970
1162,1970-11-23 16:01:03,1970
1163,1970-11-23 16:07:05,1970
1164,1970-11-23 16:14:01,1970
1165,1970-11-23 16:20:04,1970
1166,1970-11-23 16:27:00,1970
1167,1970-11-23 16:33:03,1970
1168,1970-11-23 16:39:05,1970
1169,1970-11-23 16:46:01,1970
1170,1970-11-23 16:52:04,1970
1171,1970-11-23 16:59:00,1970
1172,1970-11-23 17:05:02,1970
1173,1970-11-23 17:11:05,1970
1174,1970-11-23 17:18:01,1970
1175,1970-11-23 17:24:04,1970
1176,1970-11-23 17:31:00,1970
1177,1970-11-23 17:37:02,1970
1178,1970-11-23 17:43:05,1970
1179,1970-11-23 17:50:01,1970
1180,1970-11-23 17:56:04,1970
1181,1970-11-23 18:03:00,1970
1182,1970-11-23 18:09:02,1970
1183,1970-11-23 18:15:05,1970
1184,1970-11-23 18:22:01,1970
1185,1970-11-23 18:28:04,1970
1186,1970-11-23 18:35:00,1970
1187,1970-11-23 18:41:02,1970
1188,1970-11-23 18:47:05,1970
1189,1970-11-23 18:54:01,1970
1190,1970-11-23 19:00:03,1970
1191,1970-11-23 19:07:00,1970
1192,1970-11-23 19:13:02,1970
1193,1970-11-23 19:19:05,1970
1194,1970-11-23 19:26:01,1970
1195,1970-11-23 19:32:03,1970
1196,1970-11-23 19:39:00,1970
1197,1970-11-23 19:45:02,1970
1198,1970-11-23 19:51:05,1970
1199,1970-11-23 19:58:01,1970
1200,1970-11-23 20:04:03,1970
1201,1970-11-23 20:11:00,1970
1202,1970-11-23 20:17:02,1970
1203,1970-11-23 20:23:05,1970
1204,1970-11-23 20:30:01,1970
1205,1970-11-23 20:36:03,1970
1206,1970-11-23 20:43:00,1970
1207,1970-11-23 20:49:02,1970
1208,1970-11-23 20:55:04,1970
1209,1970-11-23 21:02:01,1970
1210,1970-11-23 21:08:03,1970
1211,1970-11-23 21:15:00,1970
1212,1970-11-23 21:21:02,1970
1213,1970-11-23 21:27:04,1970
1214,1970-11-23 21:34:01,1970
1215,1970-11-23 21:40:03,1970
1216,1970-11-23 21:47:00,1970
1217,1970-11-23 21:53:02,1970
1218,1970-11-23 21:59:04,1970
1219,1970-11-23 22:06:01,1970
1220,1970-11-23 22:12:03,1970
1221,1970-11-23 22:19:00,1970
1222,1970-11-23 22:25:02,1970
1223,1970-11-23 22:31:04,1970
1224,1970-11-23 22:38:01,1970
1225,1970-11-23 22:44:03,1970
1226,1970-11-23 22:50:05,1970
1227,1970-11-23 22:57:02,1970
1228,1970-11-23 23:03:04,1970
1229,1970-11-23 23:10:01,1970
1230,1970-11-23 23:16:03,1970
1231,1970-11-23 23:22:05,1970
1232,1970-11-23 23:29:02,1970
1233,1970-11-23 23:35:04,1970
1234,1970-11-23 23:42:01,1970
1235,1970-11-23 23:48:03,1970
1236,1970-11-23 23:54:05,1970
1237,1970-11-24 00:01:02,1970
1238,1970-11-24 00:07:04,1970
1239,1970-11-24 00:14:00,1970
1240,1970-11-24 00:20:03,1970
1241,1970-11-24 00:26:05,1970
1242,1970-11-24 00:33:01,1970
1243,1970-11-24 00:39:04,1970
1244,1970-11-24 00:46:00,1970
1245,1970-11-24 00:52:02,1970
1246,1970-11-24 00:58:04,1970
1247,1970-11-24 01:05:00,1970
1248,1970-11-24 01:11:02,1970
1249,1970-11-24 01:17:03,1970
1250,1970-11-24 01:23:04,1970
1251,1970-11-24 01:29:05,1970
1252,1970-11-24 01:35:05,1970
1253,1970-11-24 01:41:05,1970
1254,1970-11-24 01:47:04,1970
1255,1970-11-24 01:53:03,1970
1256,1970-11-24 01:59:00,1970
1257,1970-11-24 02:04:03,1970
1258,1970-11-24 02:09:04,1970
1259,1970-11-24 02:14:04,1970
1260,1970-11-24 02:19:03,1970
1261,1970-11-24 02:24:00,1970
1262,1970-11-24 02:28:02,1970
1263,1970-11-24 02:32:02,1970
1264,1970-11-24 02:36:01,1970
1265,1970-11-24 02:39:05,1970
1266,1970-11-24 02:43:01,1970
1267,1970-11-24 02:46:01,1970
1268,1970-11-24 02:49:01,1970
1269,1970-11-24 02:51:05,1970
1270,1970-11-24 02:54:03,1970
1271,1970-11-24 02:56:05,1970
1272,1970-11-24 02:59:01,1970
1273,1970-11-24 03:01:01,1970
1274,1970-11-24 03:03:01,1970
1275,1970-11-24 03:05:01,1970
1276,1970-11-24 03:07:00,1970
1277,1970-11-24 03:08:04,1970
1278,1970-11-24 03:10:02,1970
1279,1970-11-24 03:11:05,1970
1280,1970-11-24 03:13:03,1970
1281,1970-11-24 03:14:05,1970
1282,1970-11-24 03:16:02,1970
1283,1970-11-24 03:17:04,1970
1284,1970-11-24 03:19:01,1970
1285,1970-11-24 03:20:03,1970
1286,1970-11-24 03:21:05,1970
1287,1970-11-24 03:23:01,1970
1288,1970-11-24 03:24:03,1970
1289,1970-11-24 03:25:05,1970
1290,1970-11-24 03:27:01,1970
1291,1970-11-24 03:28:03,1970
1292,1970-11-24 03:30:00,1970
1293,1970-11-24 03:31:02,1970
1294,1970-11-24 03:32:05,1970
1295,1970-11-24 03:34:02,1970
1296,1970-11-24 03:35:05,1970
1297,1970-11-24 03:37:02,1970
1298,1970-11-24 03:39:00,1970
1299,1970-11-24 03:40:04,1970
1300,1970-11-24 03:42:03,1970
1301,1970-11-24 03:44:03,1970
1302,1970-11-24 03:46:03,1970
1303,1970-11-24 03:48:03,1970
1304,1970-11-24 03:50:05,1970
1305,1970-11-24 03:53:01,1970
1306,1970-11-24 03:55:05,1970
1307,1970-11-24 03:58:03,1970
1308,1970-11-24 04:01:03,1970
1309,1970-11-24 04:04:04,1970
1310,1970-11-24 04:08:00,1970
1311,1970-11-24 04:11:03,1970
1312,1970-11-24 04:15:02,1970
1313,1970-11-24 04:19:02,1970
1314,1970-11-24 04:23:04,1970
1315,1970-11-24 04:28:02,1970
1316,1970-11-24 04:33:00,1970
1317,1970-11-24 04:38:00,1970
1318,1970-11-24 04:43:02,1970
1319,1970-11-24 04:48:04,1970
1320,1970-11-24 04:54:01,1970
1321,1970-11-24 05:00:00,1970
1322,1970-11-24 05:05:05,1970
1323,1970-11-24 05:11:05,1970
1324,1970-11-24 05:17:05,1970
1325,1970-11-24 05:24:00,1970
1326,1970-11-24 05:30:01,1970
1327,1970-11-24 05:36:03,1970
1328,1970-11-24 05:42:04,1970
1329,1970-11-24 05:49:00,1970
1330,1970-11-24 05:55:02,1970
1331,1970-11-24 06:01:04,1970
1332,1970-11-24 06:08:00,1970
1333,1970-11-24 06:14:03,1970
1334,1970-11-24 06:20:05,1970
1335,1970-11-24 06:27:01,1970
1336,1970-11-24 06:33:04,1970
1337,1970-11-24 06:40:00,1970
1338,1970-11-24 06:46:02,1970
1339,1970-11-24 06:52:05,1970
1340,1970-11-24 06:59:01,1970
1341,1970-11-24 07:05:04,1970
1342,1970-11-24 07:12:00,1970
1343,1970-11-24 07:18:02,1970
1344,1970-11-24 07:24:05,1970
1345,1970-11-24 07:31:01,1970
1346,1970-11-24 07:37:04,1970
1347,1970-11-24 07:44:00,1970
1348,1970-11-24 07:50:02,1970
1349,1970-11-24 07:56:05,1970
1350,1970-11-24 08:03:01,1970
1351,1970-11-24 08:09:03,1970
1352,1970-11-24 08:16:00,1970
1353,1970-11-24 08:22:02,1970
1354,1970-11-24 08:28:05,1970
1355,1970-11-24 08:35:01,1970
1356,1970-11-24 08:41:03,1970
1357,1970-11-24 08:48:00,1970
1358,1970-11-24 08:54:02,1970
1359,1970-11-24 09:00:05,1970
1360,1970-11-24 09:07:01,1970
1361,1970-11-24 09:13:03,1970
1362,1970-11-24 09:20:00,1970
1363,1970-11-24 09:26:02,1970
1364,1970-11-24 09:32:05,1970
1365,1970-11-24 09:39:01,1970
1366,1970-11-24 09:45:03,1970
1367,1970-11-24 09:52:00,1970
1368,1970-11-24 09:58:02,1970
1369,1970-11-24 10:04:04,1970
1370,1970-11-24 10:11:01,1970
1371,1970-11-24 10:17:03,1970
1372,1970-11-24 10:24:00,1970
1373,1970-11-24 10:30:02,1970
1374,1970-11-24 10:36:04,1970
1375,1970-11-24 10:43:01,1970
1376,1970-11-24 10:49:03,1970
1377,1970-11-24 10:56:00,1970
1378,1970-11-24 11:02:02,1970
1379,1970-11-24 11:08:04,1970
1380,1970-11-24 11:15:01,1970
1381,1970-11-24 11:21:03,1970
1382,1970-11-24 11:28:00,1970
1383,1970-11-24 11:34:02,1970
1384,1970-11-24 11:40:04,1970
1385,1970-11-24 11:47:01,1970
1386,1970-11-24 11:53:03,1970
1387,1970-11-24 11:59:05,1970
1388,1970-11-24 12:06:02,1970
1389,1970-11-24 12:12:04,1970
1390,1970-11-24 12:19:01,1970
1391,1970-11-24 12:25:03,1970
1392,1970-11-24 12:31:05,1970
1393,1970-11-24 12:38:02,1970
1394,1970-11-24 12:44:04,1970
1395,1970-11-24 12:51:01,1970
1396,1970-11-24 12:57:03,1970
1397,1970-11-24 13:03:05,1970
1398,1970-11-24 13:10:02,1970
1399,1970-11-24 13:16:04,1970
1400,1970-11-24 13:23:01,1970
1401,1970-11-24 13:29:03,1970
1402,1970-11-24 13:35:05,1970
1403,1970-11-24 13:42:02,1970
1404,1970-11-24 13:48:04,1970
1405,1970-11-24 13:55:00,1970
1406,1970-11-24 14:01:03,1970
1407,1970-11-24 14:07:05,1970
1408,1970-11-24 14:14:02,1970
1409,1970-11-24 14:20:04,1970
1410,1970-11-24 14:27:00,1970
1411,1970-11-24 14:33:03,1970
1412,1970-11-24 14:39:05,1970
1413,1970-11-24 14:46:02,1970
1414,1970-11-24 14:52:04,1970
1415,1970-11-24 14:59:00,1970
1416,1970-11-24 15:05:03,1970
1417,1970-11-24 15:11:05,1970
1418,1970-11-24 15:18:02,1970
1419,1970-11-24 15:24:04,1970
1420,1970-11-24 15:31:00,1970
1421,1970-11-24 15:37:03,1970
1422,1970-11-24 15:43:05,1970
1423,1970-11-24 15:50:01,1970
1424,1970-11-24 15:56:04,1970
1425,1970-11-24 16:03:00,1970
1426,1970-11-24 16:09:03,1970
1427,1970-11-24 16:15:05,1970
1428,1970-11-24 16:22:01,1970
1429,1970-11-24 16:28:04,1970
1430,1970-11-24 16:35:00,1970
1431,1970-11-24 16:41:03,1970
1432,1970-11-24 16:47:05,1970
1433,1970-11-24 16:54:01,1970
1434,1970-11-24 17:00:04,1970
1435,1970-11-24 17:07:00,1970
1436,1970-11-24 17:13:03,1970
1437,1970-11-24 17:19:05,1970
1438,1970-11-24 17:26:01,1970
1439,1970-11-24 17:32:04,1970
1440,1970-11-24 17:39:00,1970
1441,1970-11-24 17:45:02,1970
1442,1970-11-24 17:51:05,1970
1443,1970-11-24 17:58:01,1970
1444,1970-11-24 18:04:04,1970
1445,1970-11-24 18:11:00,1970
1446,1970-11-24 18:17:02,1970
1447,1970-11-24 18:23:05,1970
1448,1970-11-24 18:30:01,1970
1449,1970-11-24 18:36:04,1970
1450,1970-11-24 18:43:00,1970
1451,1970-11-24 18:49:02,1970
1452,1970-11-24 18:55:05,1970
1453,1970-11-24 19:02:01,1970
1454,1970-11-24 19:08:04,1970
1455,1970-11-24 19:15:00,1970
1456,1970-11-24 19:21:02,1970
1457,1970-11-24 19:27:05,1970
1458,1970-11-24 19:34:01,1970
1459,1970-11-24 19:40:03,1970
1460,1970-11-24 19:47:00,1970
1461,1970-11-24 19:53:02,1970
1462,1970-11-24 19:59:05,1970
1463,1970-11-24 20:06:01,1970
1464,1970-11-24 20:12:03,1970
1465,1970-11-24 20:19:00,1970
1466,1970-11-24 20:25:02,1970
1467,1970-11-24 20:31:05,1970
1468,1970-11-24 20:38:01,1970
1469,1970-11-24 20:44:03,1970
1470,1970-11-24 20:51:00,1970
1471,1970-11-24 20:57:02,1970
1472,1970-11-24 21:03:05,1970
1473,1970-11-24 21:10:01,1970
1474,1970-11-24 21:16:03,1970
1475,1970-11-24 21:23:00,1970
1476,1970-11-24 21:29:02,1970
1477,1970-11-24 21:35:04,1970
1478,1970-11-24 21:42:01,1970
1479,1970-11-24 21:48:03,1970
1480,1970-11-24 21:55:00,1970
1481,1970-11-24 22:01:02,1970
1482,1970-11-24 22:07:04,1970
1483,1970-11-24 22:14:01,1970
1484,1970-11-24 22:20:03,1970
1485,1970-11-24 22:27:00,1970
1486,1970-11-24 22:33:02,1970
1487,1970-11-24 22:39:04,1970
1488,1970-11-24 22:46:01,1970
1489,1970-11-24 22:52:03,1970
1490,1970-11-24 22:59:00,1970
1491,1970-11-24 23:05:02,1970
1492,1970-11-24 23:11:04,1970
1493,1970-11-24 23:18:01,1970
1494,1970-11-24 23:24:03,1970
1495,1970-11-24 23:31:00,1970
1496,1970-11-24 23:37:02,1970
1497,1970-11-24 23:43:04,1970
1498,1970-11-24 23:50:01,1970
1499,1970-11-24 23:56:03,1970
1500,1970-11-25 00:02:05,1970
1501,1970-11-25 00:09:02,1970
1502,1970-11-25 00:15:04,1970
1503,1970-11-25 00:22:01,1970
1504,1970-11-25 00:28:03,1970
1505,1970-11-25 00:34:05,1970
1506,1970-11-25 00:41:02,1970
1507,1970-11-25 00:47:04,1970
1508,1970-11-25 00:54:01,1970
1509,1970-11-25 01:00:03,1970
1510,1970-11-25 01:06:05,1970
1511,1970-11-25 01:13:02,1970
1512,1970-11-25 01:19:04,1970
1513,1970-11-25 01:26:01,1970
1514,1970-11-25 01:32:03,1970
1515,1970-11-25 01:38:05,1970
1516,1970-11-25 01:45:02,1970
1517,1970-11-25 01:51:04,1970
1518,1970-11-25 01:58:00,1970
1519,1970-11-25 02:04:03,1970
1520,1970-11-25 02:10:05,1970
1521,1970-11-25 02:17:02,1970
1522,1970-11-25 02:23:04,1970
1523,1970-11-25 02:30:00,1970
1524,1970-11-25 02:36:03,1970
1525,1970-11-25 02:42:05,1970
1526,1970-11-25 02:49:02,1970
1527,1970-11-25 02:55:04,1970
1528,1970-11-25 03:02:00,1970
1529,1970-11-25 03:08:03,1970
1530,1970-11-25 03:14:05,1970
1531,1970-11-25 03:21:02,1970
1532,1970-11-25 03:27:04,1970
1533,1970-11-25 03:34:00,1970
1534,1970-11-25 03:40:03,1970
1535,1970-11-25 03:46:05,1970
1536,1970-11-25 03:53:01,1970
1537,1970-11-25 03:59:04,1970
1538,1970-11-25 04:06:00,1970
1539,1970-11-25 04:12:03,1970
1540,1970-11-25 04:18:05,1970
1541,1970-11-25 04:25:01,1970
1542,1970-11-25 04:31:04,1970
1543,1970-11-25 04:38:00,1970
1544,1970-11-25 04:44:03,1970
1545,1970-11-25 04:50:05,1970
1546,1970-11-25 04:57:01,1970
1547,1970-11-25 05:03:04,1970
1548,1970-11-25 05:10:00,1970
1549,1970-11-25 05:16:03,1970
1550,1970-11-25 05:22:05,1970
1551,1970-11-25 05:29:01,1970
1552,1970-11-25 05:35:04,1970
1553,1970-11-25 05:42:00,1970
1554,1970-11-25 05:48:02,1970
1555,1970-11-25 05:54:05,1970
1556,1970-11-25 06:01:01,1970
1557,1970-11-25 06:07:04,1970
1558,1970-11-25 06:14:00,1970
1559,1970-11-25 06:20:02,1970
1560,1970-11-25 06:26:05,1970
1561,1970-11-25 06:33:01,1970
1562,1970-11-25 06:39:04,1970
1563,1970-11-25 06:46:00,1970
1564,1970-11-25 06:52:02,1970
1565,1970-11-25 06:58:05,1970
1566,1970-11-25 07:05:01,1970
1567,1970-11-25 07:11:04,1970
1568,1970-11-25 07:18:00,1970
1569,1970-11-25 07:24:02,1970
1570,1970-11-25 07:30:05,1970
1571,1970-11-25 07:37:01,1970
1572,1970-11-25 07:43:03,1970
1573,1970-11-25 07:50:00,1970
1574,1970-11-25 07:56:02,1970
1575,1970-11-25 08:02:05,1970
1576,1970-11-25 08:09:01,1970
1577,1970-11-25 08:15:03,1970
1578,1970-11-25 08:22:00,1970
1579,1970-11-25 08:28:02,1970
1580,1970-11-25 08:34:05,1970
1581,1970-11-25 08:41:01,1970
1582,1970-11-25 08:47:03,1970
1583,1970-11-25 08:54:00,1970
1584,1970-11-25 09:00:02,1970
1585,1970-11-25 09:06:05,1970
1586,1970-11-25 09:13:01,1970
1587,1970-11-25 09:19:03,1970
1588,1970-11-25 09:26:00,1970
1589,1970-11-25 09:32:02,1970
1590,1970-11-25 09:38:04,1970
1591,1970-11-25 09:45:01,1970
1592,1970-11-25 09:51:03,1970
1593,1970-11-25 09:58:00,1970
1594,1970-11-25 10:04:02,1970
1595,1970-11-25 10:10:04,1970
1596,1970-11-25 10:17:01,1970
1597,1970-11-25 10:23:03,1970
1598,1970-11-25 10:30:00,1970
1599,1970-11-25 10:36:02,1970
1600,1970-11-25 10:42:04,1970
1601,1970-11-25 10:49:01,1970
1602,1970-11-25 10:55:03,1970
1603,1970-11-25 11:02:00,1970
1604,1970-11-25 11:08:02,1970
1605,1970-11-25 11:14:04,1970
1606,1970-11-25 11:21:01,1970
1607,1970-11-25 11:27:03,1970
1608,1970-11-25 11:33:05,1970
1609,1970-11-25 11:40:02,1970
1610,1970-11-25 11:46:04,1970
1611,1970-11-25 11:53:01,1970
1612,1970-11-25 11:59:03,1970
1613,1970-11-25 12:05:05,1970
1614,1970-11-25 12:12:02,1970
1615,1970-11-25 12:18:04,1970
1616,1970-11-25 12:25:01,1970
1617,1970-11-25 12:31:03,1970
1618,1970-11-25 12:37:05,1970
1619,1970-11-25 12:44:02,1970
1620,1970-11-25 12:50:04,1970
1621,1970-11-25 12:57:01,1970
1622,1970-11-25 13:03:03,1970
1623,1970-11-25 13:09:05,1970
1624,1970-11-25 13:16:02,1970
1625,1970-11-25 13:22:04,1970
1626,1970-11-25 13:29:00,1970
1627,1970-11-25 13:35:03,1970
1628,1970-11-25 13:41:05,1970
1629,1970-11-25 13:48:02,1970
1630,1970-11-25 13:54:04,1970
1631,1970-11-25 14:01:00,1970
1632,1970-11-25 14:07:03,1970
1633,1970-11-25 14:13:05,1970
1634,1970-11-25 14:20:02,1970
1635,1970-11-25 14:26:04,1970
1636,1970-11-25 14:33:00,1970
1637,1970-11-25 14:39:03,1970
1638,1970-11-25 14:45:05,1970
1639,1970-11-25 14:52:02,1970
1640,1970-11-25 14:58:04,1970
1641,1970-11-25 15:05:00,1970
1642,1970-11-25 15:11:03,1970
1643,1970-11-25 15:17:05,1970
1644,1970-11-25 15:24:01,1970
1645,1970-11-25 15:30:04,1970
1646,1970-11-25 15:37:00,1970
1647,1970-11-25 15:43:03,1970
1648,1970-11-25 15:49:05,1970
1649,1970-11-25 15:56:01,1970
1650,1970-11-25 16:02:04,1970
1651,1970-11-25 16:09:00,1970
1652,1970-11-25 16:15:03,1970
1653,1970-11-25 16:21:05,1970
1654,1970-11-25 16:28:01,1970
1655,1970-11-25 16:34:04,1970
1656,1970-11-25 16:41:00,1970
1657,1970-11-25 16:47:03,1970
1658,1970-11-25 16:53:05,1970
1659,1970-11-25 17:00:01,1970
1660,1970-11-25 17:06:04,1970
1661,1970-11-25 17:13:00,1970
1662,1970-11-25 17:19:02,1970
1663,1970-11-25 17:25:05,1970
1664,1970-11-25 17:32:01,1970
1665,1970-11-25 17:38:04,1970
1666,1970-11-25 17:45:00,1970
1667,1970-11-25 17:51:02,1970
1668,1970-11-25 17:57:05,1970
1669,1970-11-25 18:04:01,1970
1670,1970-11-25 18:10:04,1970
1671,1970-11-25 18:17:00,1970
1672,1970-11-25 18:23:02,1970
1673,1970-11-25 18:29:05,1970
1674,1970-11-25 18:36:01,1970
1675,1970-11-25 18:42:04,1970
1676,1970-11-25 18:49:00,1970
1677,1970-11-25 18:55:02,1970
1678,1970-11-25 19:01:05,1970
1679,1970-11-25 19:08:01,1970
1680,1970-11-25 19:14:04,1970
1681,1970-11-25 19:21:00,1970
1682,1970-11-25 19:27:02,1970
1683,1970-11-25 19:33:05,1970
1684,1970-11-25 19:40:01,1970
1685,1970-11-25 19:46:03,1970
1686,1970-11-25 19:53:00,1970
1687,1970-11-25 19:59:02,1970
1688,1970-11-25 20:05:05,1970
1689,1970-11-25 20:12:01,1970
1690,1970-11-25 20:18:03,1970
1691,1970-11-25 20:25:00,1970
1692,1970-11-25 20:31:02,1970
1693,1970-11-25 20:37:05,1970
1694,1970-11-25 20:44:01,1970
1695,1970-11-25 20:50:03,1970
1696,1970-11-25 20:57:00,1970
1697,1970-11-25 21:03:02,1970
1698,1970-11-25 21:09:05,1970
1699,1970-11-25 21:16:01,1970
1700,1970-11-25 21:22:03,1970
1701,1970-11-25 21:29:00,1970
1702,1970-11-25 21:35:02,1970
1703,1970-11-25 21:41:04,1970
1704,1970-11-25 21:48:01,1970
1705,1970-11-25 21:54:03,1970
1706,1970-11-25 22:01:00,1970
1707,1970-11-25 22:07:02,1970
1708,1970-11-25 22:13:04,1970
1709,1970-11-25 22:20:01,1970
1710,1970-11-25 22:26:03,1970
1711,1970-11-25 22:33:00,1970
1712,1970-11-25 22:39:02,1970
1713,1970-11-25 22:45:04,1970
1714,1970-11-25 22:52:01,1970
1715,1970-11-25 22:58:03,1970
1716,1970-11-25 23:05:00,1970
1717,1970-11-25 23:11:02,1970
1718,1970-11-25 23:17:04,1970
1719,1970-11-25 23:24:01,1970
1720,1970-11-25 23:30:03,1970
1721,1970-11-25 23:36:05,1970
1722,1970-11-25 23:43:02,1970
1723,1970-11-25 23:49:04,1970
1724,1970-11-25 23:56:01,1970
1725,1970-11-26 00:02:03,1970
1726,1970-11-26 00:08:05,1970
1727,1970-11-26 00:15:02,1970
1728,1970-11-26 00:21:04,1970
1729,1970-11-26 00:28:01,1970
1730,1970-11-26 00:34:03,1970
1731,1970-11-26 00:40:05,1970
1732,1970-11-26 00:47:02,1970
1733,1970-11-26 00:53:04,1970
1734,1970-11-26 01:00:01,1970
1735,1970-11-26 01:06:03,1970
1736,1970-11-26 01:12:05,1970
1737,1970-11-26 01:19:02,1970
1738,1970-11-26 01:25:04,1970
1739,1970-11-26 01:32:00,1970
1740,1970-11-26 01:38:03,1970
1741,1970-11-26 01:44:05,1970
1742,1970-11-26 01:51:02,1970
1743,1970-11-26 01:57:04,1970
1744,1970-11-26 02:04:00,1970
1745,1970-11-26 02:10:03,1970
1746,1970-11-26 02:16:05,1970
1747,1970-11-26 02:23:02,1970
1748,1970-11-26 02:29:04,1970
1749,1970-11-26 02:36:00,1970
1750,1970-11-26 02:42:03,1970
1751,1970-11-26 02:48:05,1970
1752,1970-11-26 02:55:02,1970
1753,1970-11-26 03:01:04,1970
1754,1970-11-26 03:08:00,1970
1755,1970-11-26 03:14:03,1970
1756,1970-11-26 03:20:05,1970
1757,1970-11-26 03:27:01,1970
1758,1970-11-26 03:33:04,1970
1759,1970-11-26 03:40:00,1970
1760,1970-11-26 03:46:03,1970
1761,1970-11-26 03:52:05,1970
1762,1970-11-26 03:59:01,1970
1763,1970-11-26 04:05:04,1970
1764,1970-11-26 04:12:00,1970
1765,1970-11-26 04:18:03,1970
1766,1970-11-26 04:24:05,1970
1767,1970-11-26 04:31:01,1970
1768,1970-11-26 04:37:04,1970
1769,1970-11-26 04:44:00,1970
1770,1970-11-26 04:50:02,1970
1771,1970-11-26 04:56:05,1970
1772,1970-11-26 05:03:01,1970
1773,1970-11-26 05:09:03,1970
1774,1970-11-26 05:15:05,1970
1775,1970-11-26 05:22:00,1970
1776,1970-11-26 05:28:02,1970
1777,1970-11-26 05:34:03,1970
1778,1970-11-26 05:40:04,1970
1779,1970-11-26 05:46:04,1970
1780,1970-11-26 05:52:04,1970
1781,1970-11-26 05:58:02,1970
1782,1970-11-26 06:04:00,1970
1783,1970-11-26 06:09:03,1970
1784,1970-11-26 06:14:04,1970
1785,1970-11-26 06:19:04,1970
1786,1970-11-26 06:24:02,1970
1787,1970-11-26 06:28:04,1970
1788,1970-11-26 06:32:05,1970
1789,1970-11-26 06:36:04,1970
1790,1970-11-26 06:40:01,1970
1791,1970-11-26 06:43:02,1970
1792,1970-11-26 06:46:01,1970
1793,1970-11-26 06:48:05,1970
1794,1970-11-26 06:51:02,1970
1795,1970-11-26 06:53:03,1970
1796,1970-11-26 06:55:03,1970
1797,1970-11-26 06:57:02,1970
1798,1970-11-26 06:59:00,1970
1799,1970-11-26 07:00:04,1970
1800,1970-11-26 07:02:01,1970
1801,1970-11-26 07:03:03,1970
1802,1970-11-26 07:04:04,1970
1803,1970-11-26 07:06:00,1970
1804,1970-11-26 07:07:00,1970
1805,1970-11-26 07:08:01,1970
1806,1970-11-26 07:09:01,1970
1807,1970-11-26 07:10:02,1970
1808,1970-11-26 07:11:02,1970
1809,1970-11-26 07:12:02,1970
1810,1970-11-26 07:13:02,1970
1811,1970-11-26 07:14:02,1970
1812,1970-11-26 07:15:02,1970
1813,1970-11-26 07:16:02,1970
1814,1970-11-26 07:17:02,1970
1815,1970-11-26 07:18:03,1970
1816,1970-11-26 07:19:04,1970
1817,1970-11-26 07:20:05,1970
1818,1970-11-26 07:22:01,1970
1819,1970-11-26 07:23:03,1970
1820,1970-11-26 07:24:05,1970
1821,1970-11-26 07:26:03,1970
1822,1970-11-26 07:28:01,1970
1823,1970-11-26 07:30:00,1970
1824,1970-11-26 07:32:00,1970
1825,1970-11-26 07:34:01,1970
1826,1970-11-26 07:36:04,1970
1827,1970-11-26 07:39:02,1970
1828,1970-11-26 07:42:01,1970
1829,1970-11-26 07:45:03,1970
1830,1970-11-26 07:49:00,1970
1831,1970-11-26 07:52:04,1970
1832,1970-11-26 07:56:05,1970
1833,1970-11-26 08:01:01,1970
1834,1970-11-26 08:05:05,1970
1835,1970-11-26 08:10:05,1970
1836,1970-11-26 08:16:00,1970
1837,1970-11-26 08:21:03,1970
1838,1970-11-26 08:27:01,1970
1839,1970-11-26 08:33:00,1970
1840,1970-11-26 08:38:05,1970
1841,1970-11-26 08:44:05,1970
1842,1970-11-26 08:51:00,1970
1843,1970-11-26 08:57:01,1970
1844,1970-11-26 09:03:03,1970
1845,1970-11-26 09:09:04,1970
1846,1970-11-26 09:16:00,1970
1847,1970-11-26 09:22:02,1970
1848,1970-11-26 09:28:05,1970
1849,1970-11-26 09:35:01,1970
1850,1970-11-26 09:41:03,1970
1851,1970-11-26 09:48:00,1970
1852,1970-11-26 09:54:02,1970
1853,1970-11-26 10:00:04,1970
1854,1970-11-26 10:07:01,1970
1855,1970-11-26 10:13:03,1970
1856,1970-11-26 10:19:05,1970
1857,1970-11-26 10:26:02,1970
1858,1970-11-26 10:32:04,1970
1859,1970-11-26 10:39:01,1970
1860,1970-11-26 10:45:03,1970
1861,1970-11-26 10:51:05,1970
1862,1970-11-26 10:58:02,1970
1863,1970-11-26 11:04:04,1970
1864,1970-11-26 11:11:00,1970
1865,1970-11-26 11:17:03,1970
1866,1970-11-26 11:23:05,1970
1867,1970-11-26 11:30:02,1970
1868,1970-11-26 11:36:04,1970
1869,1970-11-26 11:43:00,1970
1870,1970-11-26 11:49:03,1970
1871,1970-11-26 11:55:05,1970
1872,1970-11-26 12:02:02,1970
1873,1970-11-26 12:08:04,1970
1874,1970-11-26 12:15:00,1970
1875,1970-11-26 12:21:03,1970
1876,1970-11-26 12:27:05,1970
1877,1970-11-26 12:34:02,1970
1878,1970-11-26 12:40:04,1970
1879,1970-11-26 12:47:00,1970
1880,1970-11-26 12:53:03,1970
1881,1970-11-26 12:59:05,1970
1882,1970-11-26 13:06:02,1970
1883,1970-11-26 13:12:04,1970
1884,1970-11-26 13:19:00,1970
1885,1970-11-26 13:25:03,1970
1886,1970-11-26 13:31:05,1970
1887,1970-11-26 13:38:01,1970
1888,1970-11-26 13:44:04,1970
1889,1970-11-26 13:51:00,1970
1890,1970-11-26 13:57:03,1970
1891,1970-11-26 14:03:05,1970
1892,1970-11-26 14:10:01,1970
1893,1970-11-26 14:16:04,1970
1894,1970-11-26 14:23:00,1970
1895,1970-11-26 14:29:03,1970
1896,1970-11-26 14:35:05,1970
1897,1970-11-26 14:42:01,1970
1898,1970-11-26 14:48:04,1970
1899,1970-11-26 14:55:00,1970
1900,1970-11-26 15:01:03,1970
1901,1970-11-26 15:07:05,1970
1902,1970-11-26 15:14:01,1970
1903,1970-11-26 15:20:04,1970
1904,1970-11-26 15:27:00,1970
1905,1970-11-26 15:33:02,1970
1906,1970-11-26 15:39:05,1970
1907,1970-11-26 15:46:01,1970
1908,1970-11-26 15:52:04,1970
1909,1970-11-26 15:59:00,1970
1910,1970-11-26 16:05:02,1970
1911,1970-11-26 16:11:05,1970
1912,1970-11-26 16:18:01,1970
1913,1970-11-26 16:24:04,1970
1914,1970-11-26 16:31:00,1970
1915,1970-11-26 16:37:02,1970
1916,1970-11-26 16:43:05,1970
1917,1970-11-26 16:50:01,1970
1918,1970-11-26 16:56:04,1970
1919,1970-11-26 17:03:00,1970
1920,1970-11-26 17:09:02,1970
1921,1970-11-26 17:15:05,1970
1922,1970-11-26 17:22:01,1970
1923,1970-11-26 17:28:03,1970
1924,1970-11-26 17:35:00,1970
1925,1970-11-26 17:41:02,1970
1926,1970-11-26 17:47:05,1970
1927,1970-11-26 17:54:01,1970
1928,1970-11-26 18:00:03,1970
1929,1970-11-26 18:07:00,1970
1930,1970-11-26 18:13:02,1970
1931,1970-11-26 18:19:05,1970
1932,1970-11-26 18:26:01,1970
1933,1970-11-26 18:32:03,1970
1934,1970-11-26 18:39:00,1970
1935,1970-11-26 18:45:02,1970
1936,1970-11-26 18:51:05,1970
1937,1970-11-26 18:58:01,1970
1938,1970-11-26 19:04:03,1970
1939,1970-11-26 19:11:00,1970
1940,1970-11-26 19:17:02,1970
1941,1970-11-26 19:23:04,1970
1942,1970-11-26 19:30:01,1970
1943,1970-11-26 19:36:03,1970
1944,1970-11-26 19:43:00,1970
1945,1970-11-26 19:49:02,1970
1946,1970-11-26 19:55:04,1970
1947,1970-11-26 20:02:01,1970
1948,1970-11-26 20:08:03,1970
1949,1970-11-26 20:15:00,1970
1950,1970-11-26 20:21:02,1970
1951,1970-11-26 20:27:04,1970
1952,1970-11-26 20:34:01,1970
1953,1970-11-26 20:40:03,1970
1954,1970-11-26 20:47:00,1970
1955,1970-11-26 20:53:02,1970
1956,1970-11-26 20:59:04,1970
1957,1970-11-26 21:06:01,1970
1958,1970-11-26 21:12:03,1970
1959,1970-11-26 21:18:05,1970
1960,1970-11-26 21:25:02,1970
1961,1970-11-26 21:31:04,1970
1962,1970-11-26 21:38:01,1970
1963,1970-11-26 21:44:03,1970
1964,1970-11-26 21:50:05,1970
1965,1970-11-26 21:57:02,1970
1966,1970-11-26 22:03:04,1970
1967,1970-11-26 22:10:01,1970
1968,1970-11-26 22:16:03,1970
1969,1970-11-26 22:22:05,1970
1970,1970-11-26 22:29:02,1970
1971,1970-11-26 22:35:04,1970
1972,1970-11-26 22:42:01,1970
1973,1970-11-26 22:48:03,1970
1974,1970-11-26 22:54:05,1970
1975,1970-11-26 23:01:02,1970
1976,1970-11-26 23:07:04,1970
1977,1970-11-26 23:14:00,1970
1978,1970-11-26 23:20:03,1970
1979,1970-11-26 23:26:05,1970
1980,1970-11-26 23:33:02,1970
1981,1970-11-26 23:39:04,1970
1982,1970-11-26 23:46:00,1970
1983,1970-11-26 23:52:03,1970
1984,1970-11-26 23:58:05,1970
1985,1970-11-27 00:05:02,1970
1986,1970-11-27 00:11:04,1970
1987,1970-11-27 00:18:00,1970
1988,1970-11-27 00:24:03,1970
1989,1970-11-27 00:30:05,1970
1990,1970-11-27 00:37:02,1970
1991,1970-11-27 00:43:04,1970
1992,1970-11-27 00:50:00,1970
1993,1970-11-27 00:56:03,1970
1994,1970-11-27 01:02:05,1970
1995,1970-11-27 01:09:01,1970
1996,1970-11-27 01:15:04,1970
1997,1970-11-27 01:22:00,1970
1998,1970-11-27 01:28:03,1970
1999,1970-11-27 01:34:05,1970
2000,1970-11-27 01:41:01,1970
2001,1970-11-27 01:47:04,1970
2002,1970-11-27 01:54:00,1970
2003,1970-11-27 02:00:03,1970
2004,1970-11-27 02:06:05,1970
2005,1970-11-27 02:13:01,1970
2006,1970-11-27 02:19:04,1970
2007,1970-11-27 02:26:00,1970
2008,1970-11-27 02:32:03,1970
2009,1970-11-27 02:38:05,1970
2010,1970-11-27 02:45:01,1970
2011,1970-11-27 02:51:04,1970
2012,1970-11-27 02:58:00,1970
2013,1970-11-27 03:04:02,1970
2014,1970-11-27 03:10:05,1970
2015,1970-11-27 03:17:01,1970
2016,1970-11-27 03:23:04,1970
2017,1970-11-27 03:30:00,1970
2018,1970-11-27 03:36:02,1970
2019,1970-11-27 03:42:05,1970
2020,1970-11-27 03:49:01,1970
2021,1970-11-27 03:55:04,1970
2022,1970-11-27 04:02:00,1970
2023,1970-11-27 04:08:02,1970
2024,1970-11-27 04:14:05,1970
2025,1970-11-27 04:21:01,1970
2026,1970-11-27 04:27:04,1970
2027,1970-11-27 04:34:00,1970
2028,1970-11-27 04:40:02,1970
2029,1970-11-27 04:46:05,1970
2030,1970-11-27 04:53:01,1970
2031,1970-11-27 04:59:03,1970
2032,1970-11-27 05:06:00,1970
2033,1970-11-27 05:12:02,1970
2034,1970-11-27 05:18:05,1970
2035,1970-11-27 05:25:01,1970
2036,1970-11-27 05:31:03,1970
2037,1970-11-27 05:38:00,1970
2038,1970-11-27 05:44:02,1970
2039,1970-11-27 05:50:05,1970
2040,1970-11-27 05:57:01,1970
2041,1970-11-27 06:03:03,1970
2042,1970-11-27 06:10:00,1970
2043,1970-11-27 06:16:02,1970
2044,1970-11-27 06:22:05,1970
2045,1970-11-27 06:29:01,1970
2046,1970-11-27 06:35:03,1970
2047,1970-11-27 06:42:00,1970
2048,1970-11-27 06:48:02,1970
2049,1970-11-27 06:54:04,1970
2050,1970-11-27 07:01:01,1970
2051,1970-11-27 07:07:03,1970
2052,1970-11-27 07:14:00,1970
2053,1970-11-27 07:20:02,1970
2054,1970-11-27 07:26:04,1970
2055,1970-11-27 07:33:01,1970
2056,1970-11-27 07:39:03,1970
2057,1970-11-27 07:46:00,1970
2058,1970-11-27 07:52:02,1970
2059,1970-11-27 07:58:04,1970
2060,1970-11-27 08:05:01,1970
2061,1970-11-27 08:11:03,1970
2062,1970-11-27 08:18:00,1970
2063,1970-11-27 08:24:02,1970
2064,1970-11-27 08:30:04,1970
2065,1970-11-27 08:37:01,1970
2066,1970-11-27 08:43:03,1970
2067,1970-11-27 08:50:00,1970
2068,1970-11-27 08:56:02,1970
2069,1970-11-27 09:02:04,1970
2070,1970-11-27 09:09:01,1970
2071,1970-11-27 09:15:03,1970
2072,1970-11-27 09:21:05,1970
2073,1970-11-27 09:28:02,1970
2074,1970-11-27 09:34:04,1970
2075,1970-11-27 09:41:01,1970
2076,1970-11-27 09:47:03,1970
2077,1970-11-27 09:53:05,1970
2078,1970-11-27 10:00:02,1970
2079,1970-11-27 10:06:04,1970
2080,1970-11-27 10:13:01,1970
2081,1970-11-27 10:19:03,1970
2082,1970-11-27 10:25:05,1970
2083,1970-11-27 10:32:02,1970
2084,1970-11-27 10:38:04,1970
2085,1970-11-27 10:45:01,1970
2086,1970-11-27 10:51:03,1970
2087,1970-11-27 10:57:05,1970
2088,1970-11-27 11:04:02,1970
2089,1970-11-27 11:10:04,1970
2090,1970-11-27 11:17:00,1970
2091,1970-11-27 11:23:03,1970
2092,1970-11-27 11:29:05,1970
2093,1970-11-27 11:36:02,1970
2094,1970-11-27 11:42:04,1970
2095,1970-11-27 11:49:00,1970
2096,1970-01-01 00:01:03,1970
2097,1970-01-01 00:01:03,1970
2098,1970-01-01 00:00:03,1970
2099,1970-01-01 00:00:03,1970
2100,1970-01-01 00:00:02,1970
2101,1970-01-01 00:00:02,1970
2102,1970-01-01 00:00:05,1970
2103,1970-01-01 00:01:00,1970
2104,1970-01-01 00:00:00,1970
2105,1970-01-01 00:00:05,1970
2106,1970-01-01 00:01:01,1970
2107,1970-01-01 00:00:01,1970
2108,1970-01-01 00:00:00,1970
2109,1970-01-01 00:00:05,1970
2110,1970-01-01 00:00:01,1970
2111,1970-01-01 00:01:02,1970
2112,1970-01-01 00:00:00,1970
2113,1970-01-01 00:01:01,1970
2114,1970-01-01 00:00:03,1970
2115,1970-01-01 00:00:00,1970
2116,1970-01-01 00:00:03,1970
2117,1970-01-01 00:01:03,1970
2118,1970-01-01 00:00:01,1970
2119,1970-01-01 00:01:01,1970
2120,1970-01-01 00:00:03,1970
2121,1970-01-01 00:00:01,1970
2122,1970-01-01 00:00:03,1970
2123,1970-01-01 00:01:00,1970
2124,1970-01-01 00:00:04,1970
2125,1970-01-01 00:00:03,1970
2126,1970-01-01 00:01:03,1970
2127,1970-01-01 00:01:03,1970
2128,1970-01-01 00:00:03,1970
2129,1970-01-01 00:00:01,1970
2130,1970-01-01 00:00:04,1970
2131,1970-01-01 00:00:02,1970
2132,1970-01-01 00:00:03,1970
2133,1970-01-01 00:01:00,1970
2134,1970-01-01 00:01:03,1970
2135,1970-01-01 00:00:01,1970
2136,1970-01-01 00:00:00,1970
